172,91,155,404,231,82,71,162,140,216,194,108,161,59,77,147,106,121,106,132,162,123,74,56,80,100,117,234,118,84
136,89,156,267,198,149,59,104,51,86,115,91,91,236,164,34,39,151,46,85,87,72,96,28,66,245,132,297,85,138
93,80,187,116,226,113,85,125,126,183,125,90,175,103,140,75,72,59,103,126,113,74,88,68,87,94,208,213,145,63
203,95,156,239,303,52,71,98,107,136,119,115,55,105,137,75,59,82,74,147,114,107,88,29,127,97,122,165,91,94
173,96,188,89,141,134,92,113,80,173,101,46,102,113,84,48,84,89,124,87,198,48,112,60,88,111,182,233,195,130
234,61,178,176,146,177,108,60,89,176,78,125,100,93,99,121,73,56,33,58,108,83,93,38,136,84,200,67,71,108
121,74,97,319,122,89,153,124,126,222,120,107,171,107,143,99,93,104,29,99,57,113,67,32,88,129,246,179,117,135
195,113,135,288,257,115,59,40,150,120,102,62,69,187,101,66,90,101,52,46,104,133,27,44,89,153,224,74,112,70
200,42,160,179,87,126,129,149,106,110,127,79,55,122,58,48,48,74,69,121,65,61,64,71,69,104,252,213,63,95
81,98,176,201,99,98,181,157,145,96,173,96,185,103,100,140,91,69,62,66,192,75,32,25,105,215,110,310,199,63
242,79,154,234,106,115,112,67,84,108,98,66,85,115,101,90,35,127,79,56,201,80,45,64,97,188,305,184,118,122
161,94,119,145,225,58,175,50,91,93,90,83,169,139,81,52,83,74,89,111,77,97,55,46,60,283,135,260,100,94
111,89,132,171,281,143,145,98,109,105,86,79,48,128,140,71,83,142,92,157,83,144,30,48,41,128,162,199,133,106
128,119,174,189,287,127,90,155,150,181,145,50,85,121,82,102,61,170,44,74,178,90,65,65,123,168,140,139,122,54
158,152,183,312,126,47,86,76,100,195,168,144,169,79,78,141,51,66,29,91,93,92,40,30,68,72,219,296,123,95
107,183,111,114,335,84,73,169,108,79,98,98,175,104,93,81,101,124,111,102,202,93,62,44,115,91,293,122,147,75
130,125,263,210,78,86,154,44,165,158,48,67,82,169,38,40,81,114,74,164,58,116,58,51,118,202,106,208,187,44
184,206,85,319,222,108,105,132,124,205,101,96,154,96,98,88,60,75,62,108,86,50,52,44,67,145,95,226,76,104
201,142,114,363,86,155,77,44,93,76,108,98,182,109,96,94,77,88,95,81,61,93,29,50,113,104,216,176,82,64
200,90,267,243,305,120,76,105,86,92,56,159,162,120,76,57,39,59,104,144,87,117,102,50,126,162,83,165,168,99
211,135,261,204,185,192,174,150,116,125,78,111,94,135,89,77,66,110,90,50,95,107,43,36,83,107,181,125,57,100
100,115,219,186,103,160,115,104,86,147,122,74,138,52,120,45,51,166,63,149,94,39,44,81,141,101,185,293,143,123
87,95,165,181,287,69,108,107,160,63,138,180,116,152,65,83,111,60,96,121,137,152,122,50,60,147,241,180,148,62
152,106,129,125,217,88,68,51,88,114,103,134,124,125,103,83,110,118,72,76,144,95,29,74,93,153,205,236,125,66
58,74,156,278,288,79,95,73,71,162,196,161,179,80,141,148,46,58,96,122,66,81,60,47,114,168,133,74,139,59
101,85,186,139,113,98,212,82,90,223,105,36,219,128,126,101,52,79,90,191,197,39,43,58,85,148,201,85,101,122
79,143,190,247,140,171,126,77,119,135,109,157,206,96,149,137,93,141,63,121,83,89,47,24,58,212,276,131,81,52
104,140,186,333,104,109,96,112,103,154,102,87,81,85,103,58,107,66,26,80,185,57,107,46,144,130,143,94,113,96
278,62,168,249,165,98,90,64,49,210,75,179,83,91,99,94,136,85,56,65,99,86,54,37,52,131,167,159,110,71
112,78,148,226,169,107,161,113,79,105,99,113,84,58,99,71,83,71,102,90,171,36,80,51,129,70,262,204,76,76
77,66,136,236,215,53,159,84,70,119,67,94,179,94,66,128,93,51,84,93,157,105,50,39,39,66,96,108,129,67
107,131,122,155,97,150,215,167,114,133,66,139,41,218,101,55,121,132,84,189,184,97,29,39,67,180,383,101,175,82
110,77,157,284,159,61,60,98,194,85,78,125,140,80,100,112,74,161,62,54,150,55,28,80,101,131,357,90,105,83
153,59,205,198,198,101,113,39,41,175,89,79,117,100,77,134,113,63,49,120,72,97,74,39,114,107,89,233,130,58
227,102,227,187,193,112,95,94,153,104,121,78,197,87,63,122,96,148,66,44,164,48,67,60,51,254,130,90,190,135
90,128,125,241,181,199,209,63,158,93,80,71,61,240,96,127,72,53,93,163,69,66,45,39,84,244,180,206,181,53
127,168,211,118,264,125,125,187,160,60,126,95,146,202,142,62,82,121,35,164,140,64,71,51,50,94,161,161,74,79
98,105,206,185,155,158,100,49,59,187,129,118,75,129,121,52,40,188,81,97,118,141,66,49,72,106,300,137,140,103
96,166,108,141,259,80,200,80,132,83,175,120,118,115,132,54,63,156,58,140,115,140,31,68,83,111,144,146,88,121
98,72,129,185,297,124,130,118,73,162,74,81,91,182,117,31,110,69,43,169,123,85,126,24,50,167,238,115,187,62
148,137,180,222,121,104,83,107,69,123,143,131,112,192,105,54,113,103,63,175,106,110,76,23,36,161,275,116,194,56
70,126,145,204,134,122,164,161,92,212,78,52,59,143,179,84,49,122,97,128,153,137,46,36,144,78,245,108,102,84
92,190,107,209,127,63,60,86,112,180,52,67,113,169,118,94,66,157,51,146,178,81,28,65,150,116,230,184,124,53
141,138,251,381,171,70,77,48,105,124,133,53,180,153,91,82,93,64,56,116,125,76,64,33,134,108,98,69,82,111
117,187,264,263,242,153,137,76,139,91,91,104,76,188,124,53,95,72,55,67,133,71,69,52,128,60,175,132,116,79
104,110,134,194,116,201,207,68,64,120,52,61,93,99,172,47,77,101,41,174,130,114,57,41,87,58,117,228,140,53
98,85,196,176,164,99,86,102,100,82,115,63,97,201,45,72,81,74,48,64,77,84,43,27,76,257,198,136,73,50
195,192,111,208,158,104,183,62,152,231,75,160,46,142,58,39,79,107,34,61,79,126,50,59,119,82,88,221,152,107
130,163,80,254,146,99,52,71,129,145,85,75,48,117,50,50,140,88,66,88,188,97,72,40,87,144,132,195,125,81
94,70,108,166,121,139,114,60,83,131,80,69,126,176,80,89,66,50,63,100,91,73,99,65,151,199,161,300,44,97
102,110,174,140,162,46,143,48,124,139,68,39,197,71,59,118,129,51,44,148,189,50,33,62,87,192,125,121,124,46
181,82,153,184,277,42,141,87,86,104,86,68,115,108,103,68,60,141,58,57,70,58,123,59,151,172,180,248,132,113
230,87,260,184,150,182,145,129,84,203,118,127,67,114,74,58,72,70,58,166,66,143,84,54,71,154,160,88,141,79
69,74,124,266,193,145,115,82,94,108,114,59,161,121,79,56,87,107,62,190,168,135,50,45,94,93,199,199,178,119
63,63,162,94,292,97,203,132,139,103,121,105,210,142,78,68,45,52,87,122,157,53,30,65,111,138,126,180,113,54
103,187,134,285,124,117,107,137,79,146,143,143,97,132,59,59,103,48,91,50,199,106,71,19,96,86,93,155,91,80
169,103,218,169,157,131,149,72,165,190,92,76,97,87,52,153,80,112,64,173,138,94,47,77,153,85,242,189,85,74
100,104,236,340,116,57,238,137,126,156,177,122,130,141,79,45,59,80,70,67,161,117,86,61,90,116,158,175,89,98
139,131,214,216,162,74,149,144,78,110,63,68,141,159,151,66,96,40,52,139,88,47,113,44,101,113,126,175,131,44
122,96,215,105,91,111,108,101,87,105,111,63,134,68,93,98,94,86,57,98,155,99,67,47,77,72,326,162,95,100
113,195,167,353,142,101,107,156,170,160,55,84,71,147,108,81,102,92,118,103,148,92,102,69,105,183,207,127,67,93
87,106,189,374,310,135,85,138,83,142,72,86,169,157,127,39,121,90,32,77,101,52,50,58,104,120,204,180,146,71
91,99,281,147,231,168,105,60,86,144,175,140,54,132,101,50,89,81,47,100,164,102,54,70,82,93,148,120,103,70
167,192,142,111,348,88,60,82,133,188,181,169,100,147,87,65,77,71,62,114,105,31,57,79,62,135,256,233,127,83
207,89,87,159,65,93,142,56,124,146,120,132,171,50,54,82,123,47,113,90,105,42,62,43,84,201,316,145,165,56
178,96,139,157,236,99,181,98,177,110,120,73,62,72,141,40,65,179,48,141,93,91,50,47,113,229,111,261,50,81
206,83,183,149,116,50,145,124,141,94,53,175,53,190,77,82,78,48,79,128,60,111,31,80,49,102,324,95,80,44
155,122,184,125,98,162,137,104,158,128,73,102,118,195,109,80,67,61,36,66,217,70,63,61,81,73,216,164,104,72
140,198,132,280,219,74,186,101,136,145,56,84,58,144,38,81,45,94,50,106,162,114,93,27,46,203,181,184,93,84
113,83,121,128,162,149,84,61,82,83,182,148,79,103,107,71,53,78,59,103,78,80,99,24,61,239,217,122,158,42
186,76,194,228,203,58,109,93,87,216,123,72,131,144,100,76,61,111,66,129,129,106,41,31,102,171,204,180,65,55
88,88,198,171,126,137,148,70,80,139,153,64,162,95,85,70,94,92,45,137,103,45,47,48,114,65,184,165,47,75
213,153,97,111,99,64,177,144,78,147,95,137,142,165,83,55,81,47,67,115,222,96,44,84,76,218,175,291,86,50
282,83,219,244,142,160,116,83,115,182,121,58,108,103,115,66,79,151,83,96,50,70,57,45,77,105,223,115,160,40
154,125,269,181,204,99,132,73,83,69,108,78,109,198,136,115,107,107,73,118,194,126,86,48,47,78,113,112,151,67
198,131,164,395,135,119,53,123,84,83,84,86,81,67,97,114,132,95,47,77,145,104,32,54,39,216,231,245,102,60
128,49,224,153,154,109,162,116,165,240,77,137,82,73,71,77,64,115,73,90,160,139,60,30,127,211,178,170,133,43
192,53,135,211,257,164,56,183,114,131,110,108,143,151,75,72,46,138,71,74,209,103,42,42,72,122,311,163,69,141
211,103,251,250,274,51,147,64,194,162,180,94,154,179,65,46,58,144,78,136,107,76,55,70,108,269,149,182,90,69
90,168,280,297,181,110,104,182,94,158,166,82,86,76,118,157,79,117,34,102,93,51,80,55,97,115,196,220,145,73
136,190,117,203,168,185,199,176,79,138,99,150,56,117,78,54,100,144,31,116,115,71,55,47,144,239,161,266,116,60
94,92,215,250,257,175,149,63,168,135,108,66,124,230,111,68,52,52,67,72,66,133,23,50,58,66,164,138,121,96
181,183,257,224,118,94,62,96,150,108,68,79,90,129,143,85,46,132,36,154,89,87,43,78,49,84,110,227,127,145
103,100,173,110,114,117,99,66,147,111,78,121,122,129,59,145,103,137,24,165,169,151,45,41,57,138,180,137,60,57
206,88,105,165,160,94,121,55,192,105,68,83,105,111,58,90,70,55,75,108,109,132,94,33,102,128,353,98,75,104
257,143,101,146,226,104,62,175,88,150,103,52,121,154,52,105,37,49,77,143,128,66,72,57,60,85,216,304,172,77
191,109,169,144,228,57,133,97,100,91,66,99,107,126,149,65,96,79,67,97,126,131,51,73,38,175,197,122,81,88
187,102,79,172,177,94,146,54,65,131,183,112,170,205,86,109,52,154,53,91,210,90,111,41,83,148,357,68,99,84
183,194,131,146,195,71,132,109,66,179,63,102,126,101,138,143,62,104,36,143,172,64,52,43,50,111,127,137,92,98
120,80,303,126,218,146,57,98,74,120,62,65,122,121,74,81,91,85,51,158,141,71,52,46,60,281,149,145,92,104